,Original silhouette,Weighted silhouette,Embedding silhouette
0,0.0007174081463235394,0.04969857823423565,0.00663907167086557
