,Original silhouette,Weighted silhouette,Embedding silhouette
0,0.0007174081463235394,0.04114818420122033,0.6232139804242454
