,Original silhouette,Weighted silhouette,Embedding silhouette
0,0.0007174081463235394,0.0008509045166578882,0.05168848395186991
