,Original silhouette,Weighted silhouette,Embedding silhouette
0,0.0007174081463235394,0.001871299610779874,0.14672017685588035
