,Original silhouette,Weighted silhouette,Embedding silhouette
0,0.0007174081463235394,0.008035935873542554,0.022750691153415385
