,Original silhouette,Weighted silhouette,Embedding silhouette
0,0.0007174081463235394,0.005974444795766246,0.16853342978371558
