,Original silhouette,Weighted silhouette,Embedding silhouette
0,0.0007174081463235394,0.014236245976109684,0.00999029914741983
