,Original silhouette,Weighted silhouette,Embedding silhouette
0,0.0007174081463235394,0.011279726632599778,-0.001882563625392123
