,Original silhouette,Weighted silhouette,Embedding silhouette
0,0.0007174081463235394,0.005193247129091719,0.4285182870537221
