,Original silhouette,Weighted silhouette,Embedding silhouette
0,0.0007174081463235394,0.03272661070544902,0.1911584419693681
