,Original silhouette,Weighted silhouette,Embedding silhouette
0,0.0007174081463235394,0.0007174081463235394,-0.008572403880630677
