,Original silhouette,Weighted silhouette,Embedding silhouette
0,-2.4643111125036725e-05,-0.000612041924587603,-0.002013716899549047
