,Original silhouette,Weighted silhouette,Embedding silhouette
0,-2.4643111125036725e-05,0.0037681494749253136,0.009922028105572215
