,Original silhouette,Weighted silhouette,Embedding silhouette
0,-2.4643111125036725e-05,0.00036923161706446097,0.005006377021622773
