,Original silhouette,Weighted silhouette,Embedding silhouette
0,-2.4643111125036725e-05,0.000292265041553858,-0.0005835490023206359
