,Original silhouette,Weighted silhouette,Embedding silhouette
0,-2.4643111125036725e-05,-0.00031986688880551603,-0.002498216115912486
