,Original silhouette,Weighted silhouette,Embedding silhouette
0,-2.4643111125036725e-05,-0.00014880084822203502,-0.0007914967171539302
