,Original silhouette,Weighted silhouette,Embedding silhouette
0,-2.4643111125036725e-05,0.08886502319372852,0.20443584345835972
