,Original silhouette,Weighted silhouette,Embedding silhouette
0,-2.4643111125036725e-05,0.04178974310988707,0.019930985615254245
