,Original silhouette,Weighted silhouette,Embedding silhouette
0,-2.4643111125036725e-05,0.10427520090966726,0.20384271051169997
