,Original silhouette,Weighted silhouette,Embedding silhouette
0,-2.4643111125036725e-05,0.04069235142345785,0.10613576486724208
