,Original silhouette,Weighted silhouette,Embedding silhouette
0,-2.4643111125036725e-05,-2.4643111125036725e-05,0.002715686801240317
