,Original silhouette,Weighted silhouette,Embedding silhouette
0,0.007722096299010889,0.07812800547892744,0.10471737168439528
