,Original silhouette,Weighted silhouette,Embedding silhouette
0,0.007722096299010889,0.07214229579330363,0.19854142248640363
