,Original silhouette,Weighted silhouette,Embedding silhouette
0,0.007722096299010889,0.00769944066197551,0.05337002487971012
