,Original silhouette,Weighted silhouette,Embedding silhouette
0,0.007722096299010889,0.007970155333568932,0.05250127863564338
