,Original silhouette,Weighted silhouette,Embedding silhouette
0,0.007722096299010889,0.031134989807186125,0.13754887148893283
