,Original silhouette,Weighted silhouette,Embedding silhouette
0,0.007722096299010889,0.024787475326746123,0.12502565566734714
