,Original silhouette,Weighted silhouette,Embedding silhouette
0,0.007722096299010889,0.007722096299010889,0.04405583712547498
