,Original silhouette,Weighted silhouette,Embedding silhouette
0,0.007722096299010889,0.05242314674290835,0.16593434514611421
