,Original silhouette,Weighted silhouette,Embedding silhouette
0,0.007722096299010889,0.05439059237297811,0.2176741130558978
