,Original silhouette,Weighted silhouette,Embedding silhouette
0,0.007722096299010889,0.017516717096836533,0.12889707788564717
