,Original silhouette,Weighted silhouette,Embedding silhouette
0,0.007722096299010889,0.00768542286226368,0.04251156066801792
