,Original silhouette,Weighted silhouette,Embedding silhouette
0,0.03831985676847936,0.35814035429251057,0.43103094776134454
