,Original silhouette,Weighted silhouette,Embedding silhouette
0,0.03831985676847936,0.18321472346330325,0.4545914882098059
