,Original silhouette,Weighted silhouette,Embedding silhouette
0,0.03831985676847936,0.038792054282640424,0.02294390832029855
