,Original silhouette,Weighted silhouette,Embedding silhouette
0,0.03831985676847936,0.0403708092085766,0.019858952275844513
