,Original silhouette,Weighted silhouette,Embedding silhouette
0,0.03831985676847936,0.03831985676847936,0.03946332815554779
