,Original silhouette,Weighted silhouette,Embedding silhouette
0,0.03831985676847936,0.22788748227389233,0.5704747016941464
