,Original silhouette,Weighted silhouette,Embedding silhouette
0,0.03831985676847936,0.13337106094113726,0.27613505962606283
