,Original silhouette,Weighted silhouette,Embedding silhouette
0,0.03831985676847936,0.2349623389551598,0.4928822834195287
