,Original silhouette,Weighted silhouette,Embedding silhouette
0,0.03831985676847936,0.22116638581909162,0.46894230791226904
