,Original silhouette,Weighted silhouette,Embedding silhouette
0,0.03831985676847936,0.1280050877513443,0.2623579908136023
