,Original silhouette,Weighted silhouette,Embedding silhouette
0,0.03831985676847936,0.05992135747509369,0.07418663660884982
